start_date,mp_physics,ra_lw_physics,ra_sw_physics,sf_surface_physics,bl_pbl_physics,cu_physics,sf_sfclay_physics,fitness,ghi_error,wpd_error,runtime
Jan 01 2011,13,4,4,7,8,99,1,16568.025214015324,5492.95,31146272.0,03h 36m 25s
Jan 02 2011,13,4,4,7,8,99,1,14663.726618240602,5907.58,26007780.0,01h 46m 38s
Jan 03 2011,13,4,4,7,8,99,1,12040.17069080622,6077.77,19524404.0,02h 34m 12s
Jan 04 2011,13,4,4,7,8,99,1,9701.41777289421,6394.09,13497382.0,01h 44m 18s
Jan 05 2011,13,4,4,7,8,99,1,10600.792520703702,6213.23,15884214.0,01h 33m 54s
Jan 06 2011,13,4,4,7,8,99,1,11619.335058841163,6723.72,17522906.0,03h 19m 52s
Jan 07 2011,13,4,4,7,8,99,1,13587.336506508878,5618.23,23821682.0,05h 33m 04s
Jan 08 2011,13,4,4,7,8,99,1,17570.991504405953,5935.44,32775644.0,02h 50m 58s
Jan 09 2011,13,4,4,7,8,99,1,16408.14622890387,6419.83,29275980.0,02h 20m 47s
Jan 10 2011,13,4,4,7,8,99,1,13189.26611824486,7869.88,19448264.0,01h 12m 12s
Jan 11 2011,13,4,4,7,8,99,1,11081.087305840047,6683.29,16211366.0,02h 09m 42s
Jan 12 2011,13,4,4,7,8,99,1,20813.532809785982,7499.68,38029908.0,03h 47m 15s
Jan 13 2011,13,4,4,7,8,99,1,15309.657838727237,7278.42,25290916.0,02h 03m 31s
Jan 14 2011,13,4,4,7,8,99,1,8056.000667883824,7565.78,7633727.0,03h 22m 30s
Jan 15 2011,13,4,4,7,8,99,1,9906.159319361599,7351.11,12317680.0,01h 44m 00s
Jan 16 2011,13,4,4,7,8,99,1,10042.462099362037,6554.93,13824922.0,01h 42m 57s
Jan 17 2011,13,4,4,7,8,99,1,10401.909008113951,6558.52,14645463.0,01h 47m 54s
Jan 18 2011,13,4,4,7,8,99,1,19005.723094965797,7056.58,34252436.0,03h 46m 12s
Jan 19 2011,13,4,4,7,8,99,1,12956.812953473955,7593.03,19059412.0,01h 46m 33s
Jan 20 2011,13,4,4,7,8,99,1,8731.221529821833,6494.45,10700370.0,02h 31m 49s
Jan 21 2011,13,4,4,7,8,99,1,16394.71679751614,6518.4,28801652.0,01h 49m 42s
Jan 22 2011,13,4,4,7,8,99,1,13576.53692781216,6766.68,21706530.0,01h 52m 32s
Jan 23 2011,13,4,4,7,8,99,1,14983.608509093787,7490.67,23885966.0,01h 35m 09s
Jan 24 2011,13,4,4,7,8,99,1,12552.053990814267,8459.15,16576908.0,03h 36m 35s
Jan 25 2011,13,4,4,7,8,99,1,11549.392744870933,8089.07,14736974.0,03h 35m 05s
Jan 26 2011,13,4,4,7,8,99,1,17735.348608151664,8092.03,29356496.0,03h 37m 16s
Jan 27 2011,13,4,4,7,8,99,1,17208.21706252375,7761.05,28586298.0,01h 49m 06s
Jan 28 2011,13,4,4,7,8,99,1,10329.965712423458,8331.25,11340483.0,01h 11m 52s
Jan 29 2011,13,4,4,7,8,99,1,10124.584394718664,7344.88,12371503.0,01h 44m 33s
Jan 30 2011,13,4,4,7,8,99,1,9480.361568909666,7807.0,10070708.0,02h 27m 25s
Jan 31 2011,13,4,4,7,8,99,1,9772.683392995434,7436.52,11311808.0,01h 44m 09s
Feb 01 2011,13,4,4,7,8,99,1,13335.241026401469,5970.87,22060862.0,02h 07m 24s
Feb 02 2011,13,4,4,7,8,99,1,26863.612969506983,6886.19,52628612.0,05h 28m 20s
Feb 03 2011,13,4,4,7,8,99,1,17462.01603254727,7608.93,29137508.0,01h 35m 16s
Feb 04 2011,13,4,4,7,8,99,1,14582.470850723535,7231.76,22877228.0,01h 50m 07s
Feb 05 2011,13,4,4,7,8,99,1,14666.546176725853,8976.85,20202810.0,03h 34m 19s
Feb 06 2011,13,4,4,7,8,99,1,16582.64022609926,9222.15,24292792.0,02h 06m 13s
Feb 07 2011,13,4,4,7,8,99,1,10962.721082060794,8605.01,11923873.0,01h 43m 41s
Feb 08 2011,13,4,4,7,8,99,1,20805.58458507458,7768.67,36577796.0,01h 52m 30s
Feb 09 2011,13,4,4,7,8,99,1,17788.61050249347,8162.78,28729570.0,02h 02m 38s
Feb 10 2011,13,4,4,7,8,99,1,16151.72579375813,7664.56,25622482.0,01h 13m 15s
Feb 11 2011,13,4,4,7,8,99,1,13468.046755916555,8493.06,17838700.0,01h 11m 39s
Feb 12 2011,13,4,4,7,8,99,1,18627.74695753923,8099.0,30673562.0,01h 38m 17s
Feb 13 2011,13,4,4,7,8,99,1,17225.80696597569,7505.1,28291812.0,01h 37m 25s
Feb 14 2011,13,4,4,7,8,99,1,25195.170776049745,7916.15,46446968.0,01h 44m 22s
Feb 15 2011,13,4,4,7,8,99,1,20132.457432850806,8522.69,33373200.0,01h 37m 10s
Feb 16 2011,13,4,4,7,8,99,1,14742.537437125535,9828.27,18333860.0,01h 56m 28s
Feb 17 2011,13,4,4,7,8,99,1,17139.742340518016,8534.22,26149200.0,01h 43m 02s
Feb 18 2011,13,4,4,7,8,99,1,26600.593706739055,8821.5,48032404.0,01h 49m 07s
Feb 19 2011,13,4,4,7,8,99,1,28809.013908717472,8822.87,53207692.0,01h 47m 23s
Feb 20 2011,13,4,4,7,8,99,1,19439.239633358084,9132.16,30406562.0,01h 48m 12s
Feb 21 2011,13,4,4,7,8,99,1,21121.9515912425,8143.43,36039096.0,01h 55m 03s
Feb 22 2011,13,4,4,7,8,99,1,17625.177577152237,10216.86,24108724.0,01h 50m 48s
Feb 23 2011,13,4,4,7,8,99,1,13053.94504664366,10425.39,12841799.0,01h 56m 29s
Feb 24 2011,13,4,4,7,8,99,1,12822.479521196352,9733.88,13428723.0,02h 03m 18s
Feb 25 2011,13,4,4,7,8,99,1,27315.167238119102,9095.35,48837340.0,02h 06m 00s
Feb 26 2011,13,4,4,7,8,99,1,15964.334203487924,9612.51,20958930.0,01h 44m 36s
Feb 27 2011,13,4,4,7,8,99,1,14417.170791022261,10495.72,15668559.0,01h 47m 01s
Feb 28 2011,13,4,4,7,8,99,1,24389.967400353627,8921.77,42025300.0,02h 08m 54s
Mar 01 2011,13,4,4,7,8,99,1,22660.097511052078,8920.91,37865160.0,01h 59m 09s
Mar 02 2011,13,4,4,7,8,99,1,17428.6084944398,9088.2,25103882.0,02h 01m 12s
Mar 03 2011,13,4,4,7,8,99,1,15450.252153577843,9556.5,19513052.0,01h 56m 44s
Mar 04 2011,13,4,4,7,8,99,1,18169.431977609034,11681.22,22074046.0,01h 55m 00s
Mar 05 2011,13,4,4,7,8,99,1,22167.24384548827,9163.31,36014592.0,02h 11m 08s
Mar 06 2011,13,4,4,7,8,99,1,22308.545300033864,9283.84,36068024.0,02h 36m 14s
Mar 07 2011,13,4,4,7,8,99,1,21843.993851534004,9159.99,35127792.0,01h 13m 35s
Mar 08 2011,13,4,4,7,8,99,1,14142.960627237964,9798.01,15643595.0,02h 27m 41s
Mar 09 2011,13,4,4,7,8,99,1,21196.489046317685,10605.23,30817914.0,01h 18m 28s
Mar 10 2011,13,4,4,7,8,99,1,22764.7791061986,11577.31,32674310.0,02h 43m 24s
Mar 11 2011,13,4,4,7,8,99,1,24665.382698942994,10862.01,38419956.0,02h 47m 01s
Mar 12 2011,13,4,4,7,8,99,1,20423.665512890555,12006.99,26167158.0,02h 39m 27s
Mar 13 2011,13,4,4,7,8,99,1,18168.66878896365,13704.6,17580198.0,01h 35m 12s
Mar 14 2011,13,4,4,7,8,99,1,13881.50950423149,11513.34,11412501.0,01h 36m 15s
Mar 15 2011,13,4,4,7,8,99,1,15239.547651954515,11814.42,13987374.0,03h 20m 44s
Mar 16 2011,13,4,4,7,8,99,1,17329.477105138478,11882.48,18731338.0,03h 31m 00s
Mar 17 2011,13,4,4,7,8,99,1,17453.796597309673,10335.18,21864284.0,01h 39m 49s
Mar 18 2011,13,4,4,7,8,99,1,20581.177229466753,11466.68,27061858.0,01h 43m 35s
Mar 19 2011,13,4,4,7,8,99,1,14649.485102629158,10780.15,14225691.0,01h 36m 36s
Mar 20 2011,13,4,4,7,8,99,1,18316.188763976406,11514.32,21441330.0,03h 38m 55s
Mar 21 2011,13,4,4,7,8,99,1,19164.27444494277,12734.52,21033688.0,03h 44m 37s
Mar 22 2011,13,4,4,7,8,99,1,21618.36798915051,12739.14,26753632.0,03h 42m 52s
Mar 23 2011,13,4,4,7,8,99,1,23869.832918281303,12382.06,32691206.0,03h 47m 12s
Mar 24 2011,13,4,4,7,8,99,1,24034.07187485396,13116.1,31572514.0,03h 35m 51s
Mar 25 2011,13,4,4,7,8,99,1,15677.204324410348,13451.99,11017243.0,01h 41m 17s
Mar 26 2011,13,4,4,7,8,99,1,16109.160924467811,11927.29,14921834.0,01h 43m 21s
Mar 27 2011,13,4,4,7,8,99,1,19422.754132599643,12219.9,22121276.0,01h 48m 43s
Mar 28 2011,13,4,4,7,8,99,1,17905.419198730375,12571.28,17748976.0,01h 08m 23s
Mar 29 2011,13,4,4,7,8,99,1,16997.93534267307,14447.09,11812088.0,01h 40m 17s
Mar 30 2011,13,4,4,7,8,99,1,15631.209991841837,12043.25,13227952.0,01h 46m 32s
Mar 31 2011,13,4,4,7,8,99,1,22255.53597990876,15239.13,22503112.0,01h 47m 18s
Apr 01 2011,13,4,4,7,8,99,1,25445.71647411287,14130.88,32168490.0,02h 09m 31s
Apr 02 2011,13,4,4,7,8,99,1,24133.411128373467,12757.42,31705880.0,01h 44m 38s
Apr 03 2011,13,4,4,7,8,99,1,23014.219039079842,10864.24,32762802.0,03h 36m 37s
Apr 04 2011,13,4,4,7,8,99,1,33283.87306631051,12229.0,54286284.0,03h 50m 03s
Apr 05 2011,13,4,4,7,8,99,1,42310.46191731935,14723.71,70562008.0,02h 14m 35s
Apr 06 2011,13,4,4,7,8,99,1,21912.50152973047,11645.7,28343668.0,01h 10m 01s
Apr 07 2011,13,4,4,7,8,99,1,16209.828240185328,12884.91,12225290.0,01h 54m 06s
Apr 08 2011,13,4,4,7,8,99,1,16284.152499903314,12869.62,12344940.0,01h 49m 32s
Apr 09 2011,13,4,4,7,8,99,1,19668.9635089865,13260.23,19482014.0,01h 55m 47s
Apr 10 2011,13,4,4,7,8,99,1,22848.094233022148,14223.42,24950436.0,01h 58m 38s
Apr 11 2011,13,4,4,7,8,99,1,32043.839827837073,13578.45,47983132.0,02h 05m 00s
Apr 12 2011,13,4,4,7,8,99,1,26874.05734583459,13400.16,36004796.0,02h 01m 42s
Apr 13 2011,13,4,4,7,8,99,1,20170.855910043472,12291.56,22323570.0,02h 05m 05s
Apr 14 2011,13,4,4,7,8,99,1,18150.398153255715,12582.32,16846742.0,01h 59m 19s
Apr 15 2011,13,4,4,7,8,99,1,26833.547857949517,13078.26,36312264.0,01h 09m 14s
Apr 16 2011,13,4,4,7,8,99,1,35454.79891078442,12816.06,57212408.0,01h 47m 20s
Apr 17 2011,13,4,4,7,8,99,1,35712.73492274317,12800.29,57772480.0,01h 45m 31s
Apr 18 2011,13,4,4,7,8,99,1,22617.27873987764,15258.74,21463620.0,02h 30m 40s
Apr 19 2011,13,4,4,7,8,99,1,21542.03828219103,13445.59,22647482.0,01h 21m 09s
Apr 20 2011,13,4,4,7,8,99,1,27732.004933448443,14990.76,33958020.0,02h 31m 18s
Apr 21 2011,13,4,4,7,8,99,1,24097.944031362786,16101.56,22883784.0,01h 46m 30s
Apr 22 2011,13,4,4,7,8,99,1,22076.15677525173,14848.2,20660976.0,01h 38m 26s
Apr 23 2011,13,4,4,7,8,99,1,26849.711585193938,14763.89,32062766.0,01h 54m 46s
Apr 24 2011,13,4,4,7,8,99,1,22287.83715597464,14650.91,21396978.0,02h 27m 51s
Apr 25 2011,13,4,4,7,8,99,1,21567.375259754124,15039.27,18760784.0,01h 43m 57s
Apr 26 2011,13,4,4,7,8,99,1,32245.5198817454,15938.11,42040284.0,02h 37m 53s
Apr 27 2011,13,4,4,7,8,99,1,34741.17168838928,15999.84,47723760.0,01h 51m 21s
Apr 28 2011,13,4,4,7,8,99,1,37941.48078725164,16536.84,54045960.0,01h 51m 23s
Apr 29 2011,13,4,4,7,8,99,1,26995.199610540345,14387.15,32675004.0,05h 04m 31s
Apr 30 2011,13,4,4,7,8,99,1,23899.149355095007,14647.03,24680728.0,01h 41m 27s
May 01 2011,13,4,4,7,8,99,1,28732.947081579252,17064.14,30760430.0,01h 44m 12s
May 02 2011,13,4,4,7,8,99,1,21863.616787510982,16016.53,16673580.0,02h 30m 52s
May 03 2011,13,4,4,7,8,99,1,19002.161249199067,14810.16,12450655.0,01h 45m 29s
May 04 2011,13,4,4,7,8,99,1,21034.31810752073,14341.16,18216470.0,01h 49m 17s
May 05 2011,13,4,4,7,8,99,1,22463.8315633595,14019.38,22234248.0,05h 18m 50s
May 06 2011,13,4,4,7,8,99,1,22658.883571128805,17149.85,15672043.0,01h 49m 24s
May 07 2011,13,4,4,7,8,99,1,22460.7238690015,16254.67,17096068.0,01h 54m 46s
May 08 2011,13,4,4,7,8,99,1,20555.091341486517,17095.75,10612415.0,01h 53m 39s
May 09 2011,13,4,4,7,8,99,1,23812.842005795617,15694.52,21372776.0,01h 05m 17s
May 10 2011,13,4,4,7,8,99,1,28024.754921885666,17428.04,27388126.0,01h 57m 14s
May 11 2011,13,4,4,7,8,99,1,29695.86273134844,19820.29,25883306.0,01h 55m 52s
May 12 2011,13,4,4,7,8,99,1,26193.63836408743,18724.26,19943286.0,01h 56m 28s
May 13 2011,13,4,4,7,8,99,1,24960.625379500772,19077.98,16124503.0,02h 00m 47s
May 14 2011,13,4,4,7,8,99,1,24945.36809883004,16454.7,21923076.0,02h 06m 15s
May 15 2011,13,4,4,7,8,99,1,26700.991954668574,15282.0,28659980.0,02h 11m 54s
May 16 2011,13,4,4,7,8,99,1,26214.51789711819,15672.3,26544376.0,01h 14m 35s
May 17 2011,13,4,4,7,8,99,1,25969.029907977547,17614.2,21465564.0,02h 02m 37s
May 18 2011,13,4,4,7,8,99,1,25922.739260108705,19161.87,17741202.0,01h 35m 31s
May 19 2011,13,4,4,7,8,99,1,23851.306371063427,19139.57,12791940.0,01h 34m 40s
May 20 2011,13,4,4,7,8,99,1,19935.034479015038,16654.87,9111347.0,03h 16m 32s
May 21 2011,13,4,4,7,8,99,1,21033.4765453697,15980.92,13187400.0,01h 28m 24s
May 22 2011,13,4,4,7,8,99,1,25149.646397394343,17983.8,18270134.0,01h 45m 01s
May 23 2011,13,4,4,7,8,99,1,27345.07299041589,16588.89,26611156.0,03h 27m 04s
May 24 2011,13,4,4,7,8,99,1,28379.13652545085,18814.78,23856772.0,01h 44m 49s
May 25 2011,13,4,4,7,8,99,1,23836.401450503465,15775.45,20037756.0,01h 08m 25s
May 26 2011,13,4,4,7,8,99,1,25932.535809941008,15032.9,26664368.0,01h 44m 09s
May 27 2011,13,4,4,7,8,99,1,22266.349643871836,16956.18,13454752.0,01h 41m 39s
May 28 2011,13,4,4,7,8,99,1,23360.16649971593,17793.06,14040822.0,03h 26m 09s
May 29 2011,13,4,4,7,8,99,1,24740.743318222536,18536.47,15520261.0,03h 31m 00s
May 30 2011,13,4,4,7,8,99,1,21903.40671292808,14812.77,17407198.0,01h 41m 34s
May 31 2011,13,4,4,7,8,99,1,26645.992181394628,16282.76,25170498.0,01h 37m 00s
Jun 01 2011,13,4,4,7,8,99,1,31277.64005687101,16486.37,35622568.0,01h 44m 44s
Jun 02 2011,13,4,4,7,8,99,1,28517.86243390561,17207.15,27343176.0,01h 44m 25s
Jun 03 2011,13,4,4,7,8,99,1,23589.455341972687,15842.93,18805430.0,03h 26m 01s
Jun 04 2011,13,4,4,7,8,99,1,23115.327267996065,17082.24,14730328.0,03h 28m 30s
Jun 05 2011,13,4,4,7,8,99,1,21369.819147798094,17597.51,9337073.0,01h 35m 19s
Jun 06 2011,13,4,4,7,8,99,1,21196.11528405048,16854.31,10628091.0,03h 28m 46s
Jun 07 2011,13,4,4,7,8,99,1,22440.999134073965,17304.69,12479460.0,02h 23m 58s
Jun 08 2011,13,4,4,7,8,99,1,25759.219400574082,16783.0,21535886.0,03h 24m 14s
Jun 09 2011,13,4,4,7,8,99,1,24693.05741688619,16760.65,19026152.0,02h 13m 32s
Jun 10 2011,13,4,4,7,8,99,1,22775.219297289786,17637.62,12378172.0,03h 30m 18s
Jun 11 2011,13,4,4,7,8,99,1,23633.70344778694,19141.54,10830852.0,01h 09m 08s
Jun 12 2011,13,4,4,7,8,99,1,24182.178745149984,18177.22,14378229.0,01h 50m 41s
Jun 13 2011,13,4,4,7,8,99,1,22363.44044848162,17071.29,12654410.0,02h 27m 30s
Jun 14 2011,13,4,4,7,8,99,1,24384.6841807279,18042.16,15126615.0,01h 56m 06s
Jun 15 2011,13,4,4,7,8,99,1,23725.42899873193,17355.92,15166700.0,01h 55m 53s
Jun 16 2011,13,4,4,7,8,99,1,23140.411688839955,18001.29,12234013.0,01h 54m 22s
Jun 17 2011,13,4,4,7,8,99,1,23328.471733050108,17421.4,14037796.0,02h 21m 11s
Jun 18 2011,13,4,4,7,8,99,1,23958.62591078063,16969.31,16590454.0,02h 23m 45s
Jun 19 2011,13,4,4,7,8,99,1,25838.08972264358,17854.26,18939324.0,01h 55m 41s
Jun 20 2011,13,4,4,7,8,99,1,27246.848136309545,19998.84,17188598.0,01h 57m 36s
Jun 21 2011,13,4,4,7,8,99,1,27027.165306570227,17729.62,22042354.0,01h 57m 32s
Jun 22 2011,13,4,4,7,8,99,1,28157.982301175387,18491.54,22915468.0,01h 35m 32s
Jun 23 2011,13,4,4,7,8,99,1,25320.445567657596,16833.96,20119568.0,01h 11m 04s
Jun 24 2011,13,4,4,7,8,99,1,25377.264742308726,17355.92,19021048.0,01h 36m 39s
Jun 25 2011,13,4,4,7,8,99,1,26144.97486290017,19747.03,15181128.0,01h 32m 35s
Jun 26 2011,13,4,4,7,8,99,1,24186.111450136475,19021.66,12266962.0,01h 57m 01s
Jun 27 2011,13,4,4,7,8,99,1,26595.325714306753,19726.88,16321350.0,01h 56m 06s
Jun 28 2011,13,4,4,7,8,99,1,26035.955829455575,18988.9,16759726.0,01h 58m 31s
Jun 29 2011,13,4,4,7,8,99,1,23384.673733973414,16837.86,15584911.0,01h 48m 05s
Jun 30 2011,13,4,4,7,8,99,1,21858.75719226797,16860.59,11933536.0,01h 10m 42s
Jul 01 2011,13,4,4,7,8,99,1,25030.84462449981,19397.17,13478577.0,01h 41m 12s
Jul 02 2011,13,4,4,7,8,99,1,21502.92093258764,16641.12,11655854.0,01h 38m 48s
Jul 03 2011,13,4,4,7,8,99,1,21248.66747852212,16665.89,11021749.0,01h 42m 04s
Jul 04 2011,13,4,4,7,8,99,1,21723.971520213177,17071.24,11221788.0,01h 34m 50s
Jul 05 2011,13,4,4,7,8,99,1,22378.7567052795,17668.85,11398089.0,01h 38m 57s
Jul 06 2011,13,4,4,7,8,99,1,21595.467275042927,17035.24,11070221.0,01h 37m 16s
Jul 07 2011,13,4,4,7,8,99,1,23314.566483174316,18597.05,11508130.0,01h 37m 14s
Jul 08 2011,13,4,4,7,8,99,1,23139.394151902816,18011.08,12514243.0,01h 40m 21s
Jul 09 2011,13,4,4,7,8,99,1,27042.74827469212,19135.21,19172848.0,01h 06m 48s
Jul 10 2011,13,4,4,7,8,99,1,22209.27755474448,17516.98,11560836.0,01h 43m 27s
Jul 11 2011,13,4,4,7,8,99,1,22445.37306363328,17284.65,12713463.0,01h 55m 16s
Jul 12 2011,13,4,4,7,8,99,1,26009.261717248406,19907.08,15075947.0,01h 55m 18s
Jul 13 2011,13,4,4,7,8,99,1,23940.422790170065,19386.57,11448458.0,02h 10m 08s
Jul 14 2011,13,4,4,7,8,99,1,24215.19275539375,19525.63,11836775.0,02h 32m 59s
Jul 15 2011,13,4,4,7,8,99,1,21133.145975681175,17011.38,10454193.0,01h 32m 12s
Jul 16 2011,13,4,4,7,8,99,1,21993.74817084997,17647.04,11073379.0,01h 26m 40s
Jul 17 2011,13,4,4,7,8,99,1,22501.669521389085,17495.18,12692885.0,01h 30m 21s
Jul 18 2011,13,4,4,7,8,99,1,24484.824501551455,18034.63,16206889.0,01h 57m 14s
Jul 19 2011,13,4,4,7,8,99,1,21350.098943605684,16834.81,11622712.0,03h 09m 20s
Jul 20 2011,13,4,4,7,8,99,1,23996.420200924014,17878.82,15547843.0,01h 05m 46s
Jul 21 2011,13,4,4,7,8,99,1,25204.308764457746,16601.38,21431496.0,01h 58m 25s
Jul 22 2011,13,4,4,7,8,99,1,25396.580417027453,19207.56,15950989.0,01h 53m 54s
Jul 23 2011,13,4,4,7,8,99,1,25644.52681776063,20577.07,13470361.0,01h 53m 47s
Jul 24 2011,13,4,4,7,8,99,1,25248.572140598095,21586.56,10303567.0,02h 32m 46s
Jul 25 2011,13,4,4,7,8,99,1,21695.732485933982,18123.91,9909861.0,01h 54m 22s
Jul 26 2011,13,4,4,7,8,99,1,21455.454056396997,16837.88,12362890.0,03h 20m 41s
Jul 27 2011,13,4,4,7,8,99,1,22771.54527024422,18650.67,11424206.0,02h 21m 04s
Jul 28 2011,13,4,4,7,8,99,1,21266.669347408933,17593.29,10352592.0,01h 54m 30s
Jul 29 2011,13,4,4,7,8,99,1,20532.561090814743,16859.72,10363891.0,02h 31m 19s
Jul 30 2011,13,4,4,7,8,99,1,20658.655851672313,16916.53,10616633.0,01h 43m 33s
Jul 31 2011,13,4,4,7,8,99,1,19192.557528100468,16540.81,8075483.0,01h 51m 20s
Aug 01 2011,13,4,4,7,8,99,1,20442.08712391077,17053.23,9964786.0,01h 39m 07s
Aug 02 2011,13,4,4,7,8,99,1,21624.827261647573,17257.4,12396623.0,01h 41m 07s
Aug 03 2011,13,4,4,7,8,99,1,19897.309260071517,15819.77,11621939.0,01h 37m 25s
Aug 04 2011,13,4,4,7,8,99,1,21310.96331932194,17352.03,11622249.0,05h 00m 29s
Aug 05 2011,13,4,4,7,8,99,1,21052.794584796313,18540.2,8446441.0,01h 03m 53s
Aug 06 2011,13,4,4,7,8,99,1,19671.614030960885,17540.04,7504453.0,01h 39m 07s
Aug 07 2011,13,4,4,7,8,99,1,23005.765965490486,18484.01,13404599.0,01h 44m 48s
Aug 08 2011,13,4,4,7,8,99,1,23335.061560721835,18825.45,13530552.0,01h 37m 50s
Aug 09 2011,13,4,4,7,8,99,1,23412.637593733205,18221.58,15157839.0,01h 39m 58s
Aug 10 2011,13,4,4,7,8,99,1,25001.053227110657,17932.68,19665440.0,03h 23m 10s
Aug 11 2011,13,4,4,7,8,99,1,20730.239730626592,17427.59,10756971.0,01h 43m 18s
Aug 12 2011,13,4,4,7,8,99,1,18769.792550013128,16124.69,9073280.0,03h 31m 04s
Aug 13 2011,13,4,4,7,8,99,1,18960.41499531094,16575.39,8632596.0,03h 27m 52s
Aug 14 2011,13,4,4,7,8,99,1,18790.613011797024,16022.85,9535757.0,03h 32m 18s
Aug 15 2011,13,4,4,7,8,99,1,19710.416643489185,15720.61,12470791.0,03h 23m 14s
Aug 16 2011,13,4,4,7,8,99,1,21189.886255339392,16973.55,13350383.0,03h 30m 18s
Aug 17 2011,13,4,4,7,8,99,1,17414.06202932078,14163.68,10591252.0,05h 06m 06s
Aug 18 2011,13,4,4,7,8,99,1,17471.644774662047,14520.27,10044095.0,01h 02m 43s
Aug 19 2011,13,4,4,7,8,99,1,18941.65211547986,15410.16,11701255.0,03h 25m 37s
Aug 20 2011,13,4,4,7,8,99,1,18219.577788575334,15461.52,9974952.0,01h 41m 42s
Aug 21 2011,13,4,4,7,8,99,1,19830.08726058644,17608.53,9290508.0,01h 25m 38s
Aug 22 2011,13,4,4,7,8,99,1,23135.807415511674,16869.91,18815518.0,01h 32m 07s
Aug 23 2011,13,4,4,7,8,99,1,21416.395030212963,16655.09,15303729.0,01h 30m 06s
Aug 24 2011,13,4,4,7,8,99,1,24751.199330937754,16016.61,24670904.0,01h 54m 53s
Aug 25 2011,13,4,4,7,8,99,1,24761.04687338072,15685.36,25497946.0,01h 08m 13s
Aug 26 2011,13,4,4,7,8,99,1,37042.69198073809,13355.78,59630016.0,02h 01m 48s
Aug 27 2011,13,4,4,7,8,99,1,39473.950542130304,14617.16,62826280.0,02h 05m 23s
Aug 28 2011,13,4,4,7,8,99,1,34659.15991265854,14155.13,52476196.0,04h 23m 49s
Aug 29 2011,13,4,4,7,8,99,1,21736.75480130106,14956.83,20258244.0,01h 57m 20s
Aug 30 2011,13,4,4,7,8,99,1,17546.864439084955,14885.1,10573080.0,01h 51m 01s
Aug 31 2011,13,4,4,7,8,99,1,17093.387919643268,15033.52,9287582.0,01h 54m 37s
Sep 01 2011,13,4,4,7,8,99,1,16607.393087892695,13557.48,11291651.0,01h 04m 08s
Sep 02 2011,13,4,4,7,8,99,1,17921.830482085905,13801.31,13994117.0,01h 39m 33s
Sep 03 2011,13,4,4,7,8,99,1,16794.956531488187,14482.01,10013718.0,01h 45m 12s
Sep 04 2011,13,4,4,7,8,99,1,18720.083247925962,13231.12,17239724.0,02h 01m 20s
Sep 05 2011,13,4,4,7,8,99,1,20245.359564981645,13043.67,21327272.0,01h 45m 52s
Sep 06 2011,13,4,4,7,8,99,1,18725.919949959574,12186.24,19559918.0,01h 44m 44s
Sep 07 2011,13,4,4,7,8,99,1,16016.407361983143,11967.49,13662897.0,01h 48m 25s
Sep 08 2011,13,4,4,7,8,99,1,25106.11609541373,12975.02,33252302.0,01h 58m 37s
Sep 09 2011,13,4,4,7,8,99,1,20563.673960947955,13109.44,22300348.0,01h 55m 09s
Sep 10 2011,13,4,4,7,8,99,1,13051.047062348138,11767.68,7277425.5,01h 34m 50s
Sep 11 2011,13,4,4,7,8,99,1,12706.260306441867,10986.5,8105335.5,01h 34m 47s
Sep 12 2011,13,4,4,7,8,99,1,16240.829578225002,12789.83,12957597.0,02h 39m 42s
Sep 13 2011,13,4,4,7,8,99,1,18404.32755955372,12840.82,18072014.0,01h 40m 59s
Sep 14 2011,13,4,4,7,8,99,1,19624.176053318715,15191.29,16389152.0,01h 42m 52s
Sep 15 2011,13,4,4,7,8,99,1,17279.98331749443,13376.76,14522477.0,02h 26m 29s
Sep 16 2011,13,4,4,7,8,99,1,18770.880936032092,14876.09,15194832.0,02h 37m 46s
Sep 17 2011,13,4,4,7,8,99,1,17861.34919657361,15280.05,12347547.0,01h 27m 51s
Sep 18 2011,13,4,4,7,8,99,1,21512.879726637395,14766.29,22113666.0,01h 06m 27s
Sep 19 2011,13,4,4,7,8,99,1,17498.48244177493,11760.25,18558028.0,01h 34m 19s
Sep 20 2011,13,4,4,7,8,99,1,15512.2166438236,13689.46,10182738.0,01h 34m 34s
Sep 21 2011,13,4,4,7,8,99,1,16379.239284668198,12514.54,14606316.0,01h 49m 30s
Sep 22 2011,13,4,4,7,8,99,1,15754.402923301785,13573.26,11169176.0,02h 37m 19s
Sep 23 2011,13,4,4,7,8,99,1,14121.917100404713,12632.44,9200617.0,03h 17m 27s
Sep 24 2011,13,4,4,7,8,99,1,13989.894839443034,11926.96,10325516.0,01h 07m 39s
Sep 25 2011,13,4,4,7,8,99,1,14028.99579056248,11370.64,11561790.0,01h 54m 44s
Sep 26 2011,13,4,4,7,8,99,1,16375.106472195475,10943.61,18013660.0,03h 21m 11s
Sep 27 2011,13,4,4,7,8,99,1,13937.956733040655,11456.62,11339665.0,01h 57m 54s
Sep 28 2011,13,4,4,7,8,99,1,13991.273069715631,12719.6,9161192.0,01h 46m 27s
Sep 29 2011,13,4,4,7,8,99,1,18888.627924168373,11546.87,23063828.0,01h 44m 27s
Sep 30 2011,13,4,4,7,8,99,1,24825.198003764315,12708.57,35040036.0,01h 44m 30s
Oct 01 2011,13,4,4,7,8,99,1,18028.954230475872,10993.99,22216802.0,02h 00m 57s
Oct 02 2011,13,4,4,7,8,99,1,14457.414819799562,10064.69,15553976.0,01h 12m 47s
Oct 03 2011,13,4,4,7,8,99,1,12169.749039966271,9991.26,10335974.0,01h 49m 10s
Oct 04 2011,13,4,4,7,8,99,1,12066.219469882448,9646.32,10795910.0,01h 40m 02s
Oct 05 2011,13,4,4,7,8,99,1,14366.264085521962,9105.89,17308574.0,01h 59m 13s
Oct 06 2011,13,4,4,7,8,99,1,14892.698134477074,8826.76,19130386.0,01h 37m 39s
Oct 07 2011,13,4,4,7,8,99,1,15719.379182909985,9048.19,20746246.0,01h 50m 00s
Oct 08 2011,13,4,4,7,8,99,1,20882.91690140425,9299.92,32590976.0,01h 37m 20s
Oct 09 2011,13,4,4,7,8,99,1,18123.014689671047,9288.4,26132568.0,03h 18m 27s
Oct 10 2011,13,4,4,7,8,99,1,16976.969093330496,9813.64,22530798.0,01h 44m 58s
Oct 11 2011,13,4,4,7,8,99,1,14665.254244488631,9338.66,17971442.0,01h 44m 23s
Oct 12 2011,13,4,4,7,8,99,1,15014.689116802874,10116.6,17469370.0,01h 45m 46s
Oct 13 2011,13,4,4,7,8,99,1,15368.371552516921,9127.86,20140958.0,03h 37m 02s
Oct 14 2011,13,4,4,7,8,99,1,22049.14570634123,8521.81,37117720.0,03h 34m 26s
Oct 15 2011,13,4,4,7,8,99,1,29760.22532431403,9246.79,54170908.0,01h 39m 59s
Oct 16 2011,13,4,4,7,8,99,1,26342.31829973381,9137.34,46323524.0,03h 43m 53s
Oct 17 2011,13,4,4,7,8,99,1,21861.135200632685,9016.94,35973112.0,02h 11m 00s
Oct 18 2011,13,4,4,7,8,99,1,15315.59815675299,10535.94,17856038.0,02h 09m 12s
Oct 19 2011,13,4,4,7,8,99,1,27525.472954134806,8785.29,49925272.0,02h 06m 42s
Oct 20 2011,13,4,4,7,8,99,1,33382.441576572106,8069.63,65111904.0,03h 46m 20s
Oct 21 2011,13,4,4,7,8,99,1,13948.275379219278,9121.08,17273554.0,03h 41m 39s
Oct 22 2011,13,4,4,7,8,99,1,10044.4473346537,9851.24,6819507.0,01h 08m 03s
Oct 23 2011,13,4,4,7,8,99,1,10869.64977549744,10056.71,8487063.0,01h 29m 50s
Oct 24 2011,13,4,4,7,8,99,1,13668.317872861537,8789.86,17355680.0,03h 31m 25s
Oct 25 2011,13,4,4,7,8,99,1,14158.49246893334,7864.69,20152322.0,01h 36m 57s
Oct 26 2011,13,4,4,7,8,99,1,12593.504266296379,8974.93,14606741.0,01h 52m 55s
Oct 27 2011,13,4,4,7,8,99,1,12399.624701505862,8275.47,15388414.0,02h 48m 44s
Oct 28 2011,13,4,4,7,8,99,1,12949.251151275465,9457.63,14750705.0,02h 25m 47s
Oct 29 2011,13,4,4,7,8,99,1,15160.558999426266,7588.15,23193080.0,01h 15m 13s
Oct 30 2011,13,4,4,7,8,99,1,20295.35055711323,8272.03,34268852.0,02h 47m 04s
Oct 31 2011,13,4,4,7,8,99,1,12555.709845295689,8994.29,14768425.0,02h 00m 50s
Nov 01 2011,13,4,4,7,8,99,1,20006.870461437076,8139.26,33908272.0,01h 10m 18s
Nov 02 2011,13,4,4,7,8,99,1,13296.231749684195,7207.24,19592346.0,02h 50m 11s
Nov 03 2011,13,4,4,7,8,99,1,12169.11254744438,6996.5,17311736.0,04h 54m 53s
Nov 04 2011,13,4,4,7,8,99,1,13418.855029765165,7690.41,19176604.0,01h 55m 28s
Nov 05 2011,13,4,4,7,8,99,1,21781.65490936867,7451.69,39438360.0,01h 40m 39s
Nov 06 2011,13,4,4,7,8,99,1,20158.417126417007,8487.66,33944736.0,01h 43m 07s
Nov 07 2011,13,4,4,7,8,99,1,17965.31531225213,8346.66,29024586.0,01h 39m 43s
Nov 08 2011,13,4,4,7,8,99,1,13247.845849368601,7719.48,18905230.0,01h 45m 18s
Nov 09 2011,13,4,4,7,8,99,1,16100.790981066864,6764.95,27252930.0,01h 50m 01s
Nov 10 2011,13,4,4,7,8,99,1,18768.461012128606,6811.68,33540108.0,02h 13m 45s
Nov 11 2011,13,4,4,7,8,99,1,17233.01551924529,7489.36,28852324.0,01h 54m 44s
Nov 12 2011,13,4,4,7,8,99,1,15259.0758926573,6959.36,25060476.0,01h 57m 50s
Nov 13 2011,13,4,4,7,8,99,1,23753.21359777791,7419.16,44502952.0,01h 42m 36s
Nov 14 2011,13,4,4,7,8,99,1,20716.929039871862,7022.04,37974656.0,01h 44m 59s
Nov 15 2011,13,4,4,7,8,99,1,15357.09950246464,6754.63,25728268.0,01h 32m 26s
Nov 16 2011,13,4,4,7,8,99,1,15862.35153261698,6599.65,27205240.0,02h 04m 19s
Nov 17 2011,13,4,4,7,8,99,1,19364.03240465391,6660.5,35444464.0,01h 50m 19s
Nov 18 2011,13,4,4,7,8,99,1,16922.93764242495,6962.31,29218398.0,02h 02m 18s
Nov 19 2011,13,4,4,7,8,99,1,15909.190379920621,7101.9,26631516.0,04h 52m 06s
Nov 20 2011,13,4,4,7,8,99,1,14982.62482259676,6758.78,25002954.0,01h 38m 12s
Nov 21 2011,13,4,4,7,8,99,1,8854.352057128712,6826.21,10402371.0,01h 33m 22s
Nov 22 2011,13,4,4,7,8,99,1,10106.29989194935,6385.67,14082962.0,05h 01m 18s
Nov 23 2011,13,4,4,7,8,99,1,18480.177094366318,6112.93,34383504.0,02h 10m 36s
Nov 24 2011,13,4,4,7,8,99,1,15634.22874393416,6740.48,26698714.0,03h 06m 58s
Nov 25 2011,13,4,4,7,8,99,1,12974.978046682954,5934.83,21658730.0,01h 55m 24s
Nov 26 2011,13,4,4,7,8,99,1,11843.390410821132,5419.89,19788228.0,02h 09m 10s
Nov 27 2011,13,4,4,7,8,99,1,15470.452320907803,6539.09,26701510.0,01h 15m 48s
Nov 28 2011,13,4,4,7,8,99,1,13499.167173294947,6665.64,21861362.0,01h 58m 36s
Nov 29 2011,13,4,4,7,8,99,1,16900.81409546084,5432.56,31821710.0,01h 14m 33s
Nov 30 2011,13,4,4,7,8,99,1,17369.331596935695,6377.85,31521206.0,03h 24m 32s
Dec 01 2011,13,4,4,7,8,99,1,8796.800774660263,6221.64,11457322.0,01h 43m 27s
Dec 02 2011,13,4,4,7,8,99,1,8500.8760397351,6291.35,10671762.0,01h 37m 45s
Dec 03 2011,13,4,4,7,8,99,1,12832.815947684861,5894.02,21558980.0,01h 45m 39s
Dec 04 2011,13,4,4,7,8,99,1,15454.594709908735,6381.88,27060392.0,03h 17m 05s
Dec 05 2011,13,4,4,7,8,99,1,11260.436232084023,6208.77,17395722.0,01h 48m 13s
Dec 06 2011,13,4,4,7,8,99,1,10579.633580481608,6501.24,15362007.0,01h 35m 14s
Dec 07 2011,13,4,4,7,8,99,1,13376.443982785077,5751.01,23128912.0,01h 48m 10s
Dec 08 2011,13,4,4,7,8,99,1,22150.400739079927,5845.34,43802492.0,02h 06m 43s
Dec 09 2011,13,4,4,7,8,99,1,11119.902259689725,6172.04,17181158.0,01h 58m 57s
Dec 10 2011,13,4,4,7,8,99,1,10646.236025039252,5979.0,16358470.0,02h 35m 02s
Dec 11 2011,13,4,4,7,8,99,1,12140.668125704664,5730.77,20281482.0,01h 37m 33s
Dec 12 2011,13,4,4,7,8,99,1,12806.007548481724,7663.24,19006960.0,01h 37m 16s
Dec 13 2011,13,4,4,7,8,99,1,8270.608348088432,6508.49,9976812.0,01h 33m 32s
Dec 14 2011,13,4,4,7,8,99,1,9967.47410138655,5972.99,14800921.0,01h 52m 31s
Dec 15 2011,13,4,4,7,8,99,1,17330.6399585461,5331.89,33211058.0,01h 41m 21s
Dec 16 2011,13,4,4,7,8,99,1,17250.25432668316,6604.75,31148870.0,01h 12m 44s
Dec 17 2011,13,4,4,7,8,99,1,8690.961957020623,6637.89,10815992.0,03h 37m 38s
Dec 18 2011,13,4,4,7,8,99,1,12313.050644736237,6358.66,19819770.0,02h 49m 02s
Dec 19 2011,13,4,4,7,8,99,1,13861.011594041263,6080.43,23903580.0,01h 37m 36s
Dec 20 2011,13,4,4,7,8,99,1,11326.483497577068,5354.61,18966978.0,02h 46m 40s
Dec 21 2011,13,4,4,7,8,99,1,12172.18684245253,5491.82,20771692.0,01h 47m 31s
Dec 22 2011,13,4,4,7,8,99,1,12666.573968417397,5615.95,21761938.0,01h 59m 46s
Dec 23 2011,13,4,4,7,8,99,1,13067.492369983114,6523.75,21376222.0,03h 37m 06s
Dec 24 2011,13,4,4,7,8,99,1,9062.75222055054,5924.34,12763686.0,01h 09m 15s
Dec 25 2011,13,4,4,7,8,99,1,11155.737783461973,6047.85,17541436.0,01h 59m 44s
Dec 26 2011,13,4,4,7,8,99,1,16480.777747447508,5858.11,30441384.0,01h 58m 48s
Dec 27 2011,13,4,4,7,8,99,1,18480.815752770286,5171.85,36189892.0,03h 43m 44s
Dec 28 2011,13,4,4,7,8,99,1,24105.965487105,6234.39,47953840.0,03h 43m 53s
Dec 29 2011,13,4,4,7,8,99,1,13313.247967141515,5715.14,23128062.0,03h 32m 54s
Dec 30 2011,13,4,4,7,8,99,1,11689.812330068282,5929.76,18955666.0,02h 45m 55s
Dec 31 2011,13,4,4,7,8,99,1,12529.885545134674,5793.94,21139732.0,01h 24m 34s
